player_name,batting_average,strike_rate
A Ashish Reddy,18.67,145.08
A Chandila,,57.14
A Chopra,8.83,74.65
A Choudhary,25,125
A Dananjaya,,80
A Flintoff,31,116.98
A Kumble,11.67,74.47
A Mishra,11.76,93.42
A Mithun,6.8,130.77
A Mukund,9.5,86.36
A Nehra,5.86,66.13
A Nel,0,
A Singh,0.5,20
A Symonds,36.07,129.87
A Uniyal,4,57.14
A Zampa,2.5,62.5
AA Bilakhia,13.8,81.18
AA Chavan,6,109.09
AA Jhunjhunwala,16.69,103.33
AA Noffke,9,90
AB Agarkar,17.9,116.23
AB Barath,21,100
AB Dinda,2.6,54.17
AB McDonald,24.6,123
AB de Villiers,39.53,150.94
AC Blizzard,17.14,133.33
AC Gilchrist,27.22,138.39
AC Thomas,10,105.26
AC Voges,45.25,126.57
AD Hales,24.67,125.42
AD Mascarenhas,8.78,101.28
AD Mathews,23.35,125.91
AD Nath,5.8,70.73
AD Russell,26.97,177.29
AF Milne,3.5,58.33
AG Murtaza,10,71.43
AG Paunikar,9.8,84.48
AJ Finch,26.32,130.7
AJ Tye,10.63,125
AL Menaria,19.1,112.64
AM Nayar,17.68,116.46
AM Rahane,32.95,120.33
AN Ahmed,36,138.46
AN Ghosh,3.5,87.5
AP Dole,17,154.55
AP Majumdar,21.75,114.47
AP Tare,14.13,124.18
AR Bawne,,100
AR Patel,19.06,126.57
AS Rajpoot,4.25,54.84
AS Raut,21.56,116.17
AS Yadav,9.8,125.64
AT Rayudu,29.3,130.25
AUK Pathan,7.8,169.57
Abdur Razzak,,0
Abhishek Sharma,63,190.91
Anirudh Singh,15.75,95.45
Ankit Sharma,12.43,129.85
Ankit Soni,3.5,77.78
Anureet Singh,9,76.6
Azhar Mahmood,20.42,128.05
B Akhil,12.67,138.18
B Chipli,18.67,111.55
B Kumar,8.14,98.84
B Laughlin,2.5,38.46
B Lee,12.4,127.84
B Stanlake,,250
B Sumanth,35,94.59
BA Bhatt,6,85.71
BA Stokes,23.27,134.03
BAW Mendis,1.5,50
BB McCullum,27.69,131.75
BB Samantray,25,110.62
BB Sran,7,63.64
BCJ Cutting,24.44,177.42
BE Hendricks,1,33.33
BJ Haddin,18,163.64
BJ Hodge,33.33,125.22
BJ Rohrer,32.17,137.86
BMAJ Mendis,7.67,85.19
BR Dunk,13.33,114.29
BW Hilfenhaus,,
Basil Thampi,31,91.18
Bipul Sharma,23.38,152.03
C Ganapathy,,
C Madan,15,78.95
C Munro,11.63,130.99
C Nanda,0,0
C de Grandhomme,19.77,146.02
CA Ingram,10.5,80.77
CA Lynn,35,141.13
CA Pujara,20.53,99.74
CH Gayle,41.18,150.72
CH Morris,37.31,166.67
CJ Anderson,24.45,127.19
CJ Ferguson,16.33,83.76
CJ Jordan,1.5,60
CJ McKay,8,53.33
CK Kapugedera,5.33,69.57
CK Langeveldt,4,88.89
CL White,26.5,126.36
CM Gautam,16.9,112.67
CR Brathwaite,15.45,168.32
CR Woakes,10.5,95.45
CRD Fernando,,133.33
D Kalyankrishna,3,37.5
D Salunkhe,16.5,137.5
D Wiese,31.75,141.11
D du Preez,10,76.92
DA Miller,35.59,140.03
DA Warner,40.55,142.14
DAJ Bracewell,,133.33
DB Das,21.71,116.48
DB Ravi Teja,19.74,118.3
DE Bollinger,21,91.3
DH Yagnik,17,124.09
DJ Bravo,23.78,128.72
DJ Harris,27.75,109.9
DJ Hooda,15.33,131.81
DJ Hussey,26.98,122.98
DJ Jacobs,13.14,93.88
DJ Muthuswami,1,33.33
DJ Thornely,19.5,73.58
DJG Sammy,19.67,122.41
DJM Short,16.43,116.16
DL Chahar,16,182.86
DL Vettori,15.13,107.08
DM Bravo,,120
DNT Zoysa,11,122.22
DP Nannes,4,30.77
DP Vijaykumar,,100
DPMD Jayawardene,28.6,123.26
DR Martyn,19,79.17
DR Shorey,8,88.89
DR Smith,28.39,135.2
DS Kulkarni,10.67,93.2
DS Lehmann,9,100
DT Christian,17.84,119.25
DT Patil,6.5,100
DW Steyn,7.55,105.06
E Lewis,29.38,138.41
EJG Morgan,21.35,121.13
ER Dwivedi,12,171.43
F Behardien,7,107.69
F du Plessis,30.35,127.7
FH Edwards,4,80
FY Fazal,18.3,105.78
G Gambhir,31.01,123.88
GB Hogg,7.33,100
GC Smith,28.42,110.63
GD McGrath,4,80
GH Vihari,15.56,89.46
GJ Bailey,24.56,121.88
GJ Maxwell,22.9,161.13
GR Napier,15,93.75
Gurkeerat Singh,16.29,125.74
H Das,2,40
H Klaasen,19,121.28
HH Gibbs,27.69,109.79
HH Pandya,23.79,138.75
HM Amla,44.38,141.77
HV Patel,10.7,159.7
Harbhajan Singh,15.92,138.69
Harmeet Singh,4.5,150
Harpreet Singh,10,76.92
I Malhotra,,175
I Sharma,7.5,77.59
IC Pandey,0,0
IK Pathan,21.49,120.4
IR Jaggi,15.2,78.35
IS Sodhi,1,16.67
Imran Tahir,5,74.07
Iqbal Abdulla,44,104.76
Ishan Kishan,22,137.82
J Arunkumar,7.67,100
J Botha,20.45,113.93
J Suchith,48,150
J Syed Mohammad,14.5,111.54
J Theron,5,83.33
J Yadav,3,60
JA Morkel,24.35,141.98
JC Archer,3,71.43
JC Buttler,34.68,150.56
JD Ryder,21.57,131.88
JD Unadkat,10.8,105.88
JDP Oram,13.25,98.15
JDS Neesham,14,91.3
JE Taylor,3,100
JEC Franklin,29.73,108.64
JH Kallis,28.55,109.23
JJ Bumrah,11.67,94.59
JJ Roy,29.83,133.58
JJ van der Wath,9,112.5
JM Kemp,13,108.33
JO Holder,7.6,122.58
JP Duminy,39.78,124.02
JP Faulkner,21.08,135.48
JPR Scantlebury-Searles,8,133.33
JR Hopes,26.06,136.27
Jaskaran Singh,8,72.73
Joginder Sharma,9,120
K Goel,14.53,94.37
K Gowtham,14,196.88
K Rabada,18.33,85.94
K Upadhyay,,133.33
KA Pollard,28.14,145.73
KAJ Roach,10,111.11
KB Arun Karthik,10.2,100
KC Cariappa,5,83.33
KC Sangakkara,25.95,121.19
KD Karthik,26.78,128.73
KH Pandya,30.78,153.91
KJ Abbott,13,162.5
KK Cooper,12.89,170.59
KK Nair,25.16,128.77
KL Rahul,38.44,139.38
KM Jadhav,24.13,134.06
KMDN Kulasekara,,166.67
KP Appanna,2,50
KP Pietersen,37.07,134.72
KS Williamson,42.44,137.41
KV Sharma,15.1,115.69
KW Richardson,12,92.31
Kamran Akmal,25.6,164.1
Kamran Khan,3,60
Karanveer Singh,12,70.59
Kuldeep Yadav,10.67,69.57
L Ablish,,0
L Balaji,4.5,73.47
L Ronchi,6.8,100
LA Carseldine,20.25,119.12
LA Pomersbach,27.45,122.76
LE Plunkett,1,33.33
LH Ferguson,,100
LJ Wright,21.2,176.67
LMP Simmons,39.96,126.64
LPC Silva,20,153.85
LR Shukla,15,115.71
LRPL Taylor,25.43,123.72
M Ashwin,0.5,33.33
M Kaif,14.39,103.6
M Kartik,16.14,104.63
M Klinger,18.25,94.81
M Manhas,22.35,109.36
M Markande,10.5,87.5
M Morkel,11.45,140
M Muralitharan,3.33,66.67
M Ntini,11,61.11
M Prasidh Krishna,,20
M Rawat,11,79.71
M Vijay,26.28,123.37
M Vohra,23.53,131.77
M de Lange,1,50
MA Agarwal,16.68,123.87
MA Khote,12,109.09
MA Starc,13.71,97.96
MA Wood,1,33.33
MC Henriques,28.5,128.17
MC Juneja,17.86,97.66
MD Mishra,14.81,113.94
MDKJ Perera,7,107.69
MEK Hussey,38.76,122.64
MF Maharoof,17.7,143.9
MG Johnson,12.85,101.83
MJ Clarke,16.33,104.26
MJ Guptill,21,132.17
MJ Lumb,23.17,143.3
MJ McClenaghan,7.4,137.04
MK Lomror,20,95.24
MK Pandey,28.08,119.57
MK Tiwary,28.73,116.98
ML Hayden,36.9,137.52
MM Ali,19.25,167.39
MM Patel,6.5,95.12
MM Sharma,8.13,106.09
MN Samuels,12.38,93.6
MN van Wyk,55.67,126.52
MP Stoinis,23.82,125.96
MR Marsh,18.75,114.8
MS Bisla,21,113.68
MS Dhoni,40.16,138.2
MS Gony,9.9,139.44
MS Wade,7.33,66.67
MV Boucher,28.14,127.51
Mandeep Singh,20.98,123.33
Mashrafe Mortaza,,100
Misbah-ul-Haq,16.71,144.44
Mohammad Ashraful,2,20
Mohammad Asif,1.5,50
Mohammad Hafeez,9.14,77.11
Mohammad Nabi,6.67,133.33
Mohammed Shami,6.63,103.92
Mohammed Siraj,12.5,113.64
Mujeeb Ur Rahman,10,142.86
Mustafizur Rahman,1,33.33
N Rana,27.44,129.77
N Saini,14,99.29
ND Doshi,0,0
NJ Maddinson,6.67,95.24
NJ Rimmington,,100
NK Patel,30.25,101.68
NL McCullum,26,118.18
NLTC Perera,19.18,137.46
NM Coulter-Nile,6.5,104
NS Naik,11.5,74.19
NV Ojha,20.72,118.35
OA Shah,33.73,130.08
P Awana,2.5,35.71
P Chopra,8,133.33
P Dogra,11.55,92.03
P Kumar,8.95,108.28
P Negi,16.18,128.52
P Parameswaran,,50
P Sahu,19,146.15
PA Patel,22.1,118.42
PA Reddy,16.4,102.5
PC Valthaty,22.95,120.81
PD Collingwood,40.6,130.13
PJ Cummins,12.83,140
PJ Sangwan,3.43,61.54
PM Sarvesh Kumar,,50
PP Chawla,11.78,111.29
PP Ojha,1.33,35.56
PP Shaw,27.22,153.13
PR Shah,11.5,101.1
PSP Handscomb,6,50
PV Tambe,9,46.15
Pankaj Singh,3.5,58.33
Parvez Rasool,8.5,85
Q de Kock,28.09,130.38
R Ashwin,11.1,107.07
R Bhatia,11.4,120.42
R Bishnoi,6.33,111.76
R Dhawan,21.86,113.33
R Dravid,28.23,115.52
R McLaren,19.88,92.98
R Ninan,3,50
R Rampaul,10.2,102
R Sathish,15.88,116.88
R Sharma,4.71,88
R Shukla,19,82.61
R Tewatia,17,126.87
R Vinay Kumar,11.07,113.14
RA Jadeja,23.65,122.79
RA Tripathi,26.83,142.17
RD Chahar,,150
RE Levi,13.83,113.7
RE van der Merwe,14.45,112.77
RG More,,100
RG Sharma,31.87,131.03
RJ Harris,9.75,104.46
RJ Peterson,10.67,106.67
RJ Quiney,14.71,100.98
RK Bhui,0,0
RK Singh,7.25,93.55
RN ten Doeschate,23.29,138.72
RP Singh,3.47,68.42
RR Bhatkal,0,0
RR Pant,35.66,162.71
RR Powar,22.33,104.69
RR Raje,20,111.11
RR Rossouw,10.6,103.92
RR Sarwan,18.25,97.33
RS Bopara,29.5,117.22
RS Gavaskar,2,25
RS Sodhi,,200
RT Ponting,10.11,71.09
RV Gomez,10,98.04
RV Uthappa,28.67,131.71
Rashid Khan,10,175
S Anirudha,17,120.35
S Aravind,14.75,103.51
S Badree,2.6,56.52
S Badrinath,30.66,118.89
S Chanderpaul,8.33,80.65
S Dhawan,33.26,123.53
S Gopal,12.8,88.89
S Kaul,4,44.44
S Kaushik,0,0
S Ladda,0,0
S Nadeem,2.67,41.03
S Narwal,12.33,137.04
S Rana,22.75,112.35
S Randiv,2,50
S Sohal,18.4,126.03
S Sreesanth,8.5,61.82
S Sriram,15.5,86.11
S Tyagi,3,75
S Vidyut,18.13,133.03
SA Abbott,7.5,115.38
SA Asnodkar,21.15,124.78
SA Yadav,26.67,131.92
SB Bangar,7,84.48
SB Jakati,28,96.55
SB Joshi,3,42.86
SB Styris,18.71,98.5
SB Wagh,1,66.67
SC Ganguly,25.45,106.81
SD Chitnis,14.14,111.24
SE Bond,1,50
SE Marsh,39.95,132.74
SJ Srivastava,5,100
SK Raina,34.38,138.43
SK Trivedi,6,71.19
SK Warne,9.9,92.52
SL Malinga,5.5,88.89
SM Harwood,,64.29
SM Katich,24.1,129.57
SM Pollock,18.38,132.43
SMSM Senanayake,10,58.82
SN Khan,20.73,159.44
SN Thakur,7.33,157.14
SP Fleming,21.78,118.79
SP Goswami,16.28,100.69
SP Jackson,19,122.58
SP Narine,17.44,168.82
SPD Smith,37.02,131.71
SR Tendulkar,34.84,119.82
SR Watson,32.42,141.2
SS Iyer,30.45,129.85
SS Shaikh,6,85.71
SS Tiwary,28.36,119.59
ST Jayasuriya,27.43,144.36
STR Binny,18.84,125.97
SV Samson,26.67,127.35
SW Billings,18.56,135.77
SW Tait,7.67,88.46
Sachin Baby,17.13,135.64
Salman Butt,27.57,119.88
Sandeep Sharma,8.67,66.67
Shahid Afridi,10.13,176.09
Shakib Al Hasan,21.68,127.29
Shivam Mavi,4.33,86.67
Shivam Sharma,5,166.67
Shoaib Ahmed,0.5,16.67
Shoaib Akhtar,2,28.57
Shoaib Malik,13,110.64
Shubman Gill,33.83,146.04
Sohail Tanvir,12,124.14
Sunny Gupta,0,0
Sunny Singh,10.75,138.71
Swapnil Singh,4,60
T Henderson,5.5,68.75
T Kohli,3.67,57.89
T Taibu,10.33,119.23
T Thushara,6,66.67
TA Boult,5,50
TD Paine,5,38.46
TG Southee,13.25,130.86
TK Curran,7.67,82.14
TL Suman,21.13,117.57
TM Dilshan,26.81,114.5
TM Head,29.29,138.51
TM Srivastava,8,72.73
TP Sudhindra,,
TR Birt,15,129.31
TS Mills,2.67,72.73
U Kaul,,0
UA Birla,7,50
UBT Chand,15,100
UT Khawaja,21.17,127
UT Yadav,8.82,96.04
Umar Gul,13,205.26
V Kohli,38.36,130.76
V Pratap Singh,0,0
V Sehwag,27.56,155.44
V Shankar,52.17,140.36
VH Zol,14.5,111.54
VR Aaron,11.5,83.64
VRV Singh,2,133.33
VS Malik,7,100
VS Yeligati,2,100
VVS Laxman,15.67,105.62
VY Mahesh,7.5,55.56
Vishnu Vinod,6.33,73.08
W Jaffer,16.25,107.44
WA Mota,9.33,74.67
WD Parnell,7,84
WP Saha,24.33,129.85
WPUJC Vaas,10.13,110.96
Washington Sundar,18.5,148
X Thalaivan Sargunam,10,58.82
Y Gnaneswara Rao,19,111.76
Y Nagar,20.36,110.04
Y Venugopal Rao,22.39,117.82
YA Abdulla,,0
YK Pathan,29.57,144.08
YS Chahal,5,46.88
YV Takawale,24,107.87
Yashpal Singh,11.75,71.21
Younis Khan,3,42.86
Yuvraj Singh,24.79,129.68
Z Khan,8.36,82.98
